<?xml version="1.0" encoding="UTF-8"?>
<project-private xmlns="http://www.netbeans.org/ns/project-private/1">
    <editor-bookmarks xmlns="http://www.netbeans.org/ns/editor-bookmarks/2" lastBookmarkId="0"/>
    <open-files xmlns="http://www.netbeans.org/ns/projectui-open-files/2">
        <group>
            <file>file:/E:/Clases/Clases2009/DISTRITAL/20203/2_Ciencias_Computacion_III_Tarde_4/Informacion/AnalizadorLexico/AnalizadorLexicoBasico/src/codigoLexicoBasico/FrmPrincipal.java</file>
            <file>file:/E:/Clases/Clases2009/DISTRITAL/20203/2_Ciencias_Computacion_III_Tarde_4/Informacion/AnalizadorLexico/AnalizadorLexicoBasico/src/codigoLexicoBasico/LexicoBasico.flex</file>
        </group>
    </open-files>
</project-private>
