<?xml version="1.0" encoding="UTF-8"?>
<project-private xmlns="http://www.netbeans.org/ns/project-private/1">
    <editor-bookmarks xmlns="http://www.netbeans.org/ns/editor-bookmarks/2" lastBookmarkId="0"/>
    <open-files xmlns="http://www.netbeans.org/ns/projectui-open-files/2">
        <group>
            <file>file:/C:/Users/sebas/OneDrive/Documents/NetBeansProjects/Simu_f/src/main/flagSorter.java</file>
            <file>file:/C:/Users/sebas/OneDrive/Documents/NetBeansProjects/Simu_f/src/conexiones/DBConsultas.java</file>
            <file>file:/C:/Users/sebas/OneDrive/Documents/NetBeansProjects/Simu_f/src/main/FrameBase.java</file>
            <file>file:/C:/Users/sebas/OneDrive/Documents/NetBeansProjects/Simu_f/src/conexiones/DBConectar.java</file>
        </group>
    </open-files>
</project-private>
