<?xml version="1.0" encoding="UTF-8"?>
<project-private xmlns="http://www.netbeans.org/ns/project-private/1">
    <editor-bookmarks xmlns="http://www.netbeans.org/ns/editor-bookmarks/2" lastBookmarkId="0"/>
    <open-files xmlns="http://www.netbeans.org/ns/projectui-open-files/2">
        <group>
            <file>file:/C:/Users/Estudiantes/Downloads/Proyecto/src/proyecto/SeleccionarDificultad.java</file>
            <file>file:/C:/Users/Estudiantes/Downloads/Proyecto/src/proyecto/Creditos.java</file>
            <file>file:/C:/Users/Estudiantes/Downloads/Proyecto/src/proyecto/Instrucciones.java</file>
            <file>file:/C:/Users/Estudiantes/Downloads/Proyecto/src/proyecto/EtapaDificil12.java</file>
            <file>file:/C:/Users/Estudiantes/Downloads/Proyecto/src/proyecto/MinijuegoOperaciones.java</file>
            <file>file:/C:/Users/Estudiantes/Downloads/Proyecto/src/proyecto/EjerCodigo1.java</file>
            <file>file:/C:/Users/Estudiantes/Downloads/Proyecto/src/proyecto/MinijuegoBuscaminas.java</file>
            <file>file:/C:/Users/Estudiantes/Downloads/Proyecto/src/proyecto/Etapa3.java</file>
            <file>file:/C:/Users/Estudiantes/Downloads/Proyecto/src/proyecto/SimLanzamientos.java</file>
            <file>file:/C:/Users/Estudiantes/Downloads/Proyecto/src/proyecto/Etapa4.java</file>
            <file>file:/C:/Users/Estudiantes/Downloads/Proyecto/src/proyecto/EtapaFinal.java</file>
            <file>file:/C:/Users/Estudiantes/Downloads/Proyecto/src/proyecto/Entrada.java</file>
            <file>file:/C:/Users/Estudiantes/Downloads/Proyecto/src/proyecto/EjerCodigo2.java</file>
            <file>file:/C:/Users/Estudiantes/Downloads/Proyecto/src/proyecto/Etapa1.java</file>
            <file>file:/C:/Users/Estudiantes/Downloads/Proyecto/src/proyecto/EjerFormulas.java</file>
            <file>file:/C:/Users/Estudiantes/Downloads/Proyecto/src/proyecto/EjerMatematico.java</file>
            <file>file:/C:/Users/Estudiantes/Downloads/Proyecto/src/proyecto/Etapa2.java</file>
            <file>file:/C:/Users/Estudiantes/Downloads/Proyecto/src/proyecto/EtapaDificil.java</file>
            <file>file:/C:/Users/Estudiantes/Downloads/Proyecto/src/proyecto/EjerSeguirPasos.java</file>
        </group>
    </open-files>
</project-private>
