<?xml version="1.0" encoding="UTF-8"?>
<project-private xmlns="http://www.netbeans.org/ns/project-private/1">
    <editor-bookmarks xmlns="http://www.netbeans.org/ns/editor-bookmarks/2" lastBookmarkId="0"/>
    <open-files xmlns="http://www.netbeans.org/ns/projectui-open-files/2">
        <group>
            <file>file:/C:/xampp/htdocs/Proy/src/conexiones/DBConsultasC.java</file>
            <file>file:/C:/xampp/htdocs/Proy/src/conexiones/DBConectar.java</file>
            <file>file:/C:/xampp/htdocs/Proy/src/interfaz/FrameModoC.java</file>
            <file>file:/C:/xampp/htdocs/Proy/src/interfaz/FrameModoB.java</file>
            <file>file:/C:/xampp/htdocs/Proy/src/interfaz/FrameInicio.java</file>
            <file>file:/C:/xampp/htdocs/Proy/src/interfaz/FrameModoA.java</file>
        </group>
    </open-files>
</project-private>
