<?xml version="1.0" encoding="UTF-8"?>
<project-private xmlns="http://www.netbeans.org/ns/project-private/1">
    <editor-bookmarks xmlns="http://www.netbeans.org/ns/editor-bookmarks/2" lastBookmarkId="0"/>
    <open-files xmlns="http://www.netbeans.org/ns/projectui-open-files/2">
        <group>
            <file>file:/C:/Users/FliaSalinasRodriguez/Documents/NetBeansProjects/Electrodomesticos/src/electrodomesticos/Test.java</file>
            <file>file:/C:/Users/FliaSalinasRodriguez/Documents/NetBeansProjects/Electrodomesticos/src/electrodomesticos/Lavadora.java</file>
            <file>file:/C:/Users/FliaSalinasRodriguez/Documents/NetBeansProjects/Electrodomesticos/src/electrodomesticos/Electrodomesticos.java</file>
            <file>file:/C:/Users/FliaSalinasRodriguez/Documents/NetBeansProjects/Electrodomesticos/src/electrodomesticos/Television.java</file>
            <file>file:/C:/Users/FliaSalinasRodriguez/Documents/NetBeansProjects/Electrodomesticos/src/electrodomesticos/Menu.java</file>
        </group>
    </open-files>
</project-private>
